  Language_ISO639;sv
  Author_Email;eson57@gmail.com
  Author_Name;Åke Engelbrektson
  Author_OldNames;Yonder
  Language_Name;Svenska
  Config_Text_ColumnSize;40
  Config_Text_Separator;: 
  Config_Text_NumberTag;#
  Config_Text_FloatSeparator;,
  Config_Text_ThousandsSeparator; 
 audio stream1; ljudström
 audio stream2; ljudströmmar
 audio stream3; ljudströmmar
 bit1; bit
 bit2; bit
 bit3; bit
 bps; b/s
 Bps; B/s
 Byte1; Byte
 Byte2; Byte
 Byte3; Byte
 channel1; kanal
 channel2; kanaler
 channel3; kanaler
 chapter1; kapitel
 chapter2; kapitel
 chapter3; kapitel
 chapters stream1; kapitelström
 chapters stream2; kapitelströmmar
 chapters stream3; kapitelströmmar
 character1;tecken
 character2;tecken
 character3;tecken
 day1; dag
 day2; dagar
 day3; dagar
 dB0;
 dB1; dB
 dB2; dB
 dB3; dB
 file1; fil
 file2; filer
 file3; filer
 fps1; FPS
 fps2; FPS
 fps3; FPS
 frame1; bildruta
 frame2; bildrutor
 frame3; bildrutor
 GB; GB
 Gb; Gb
 Gbps; Gb/s
 GBps; GB/s
 GHz; GHz
 GiB; GiB
 GibiByte1; GibiByte
 GibiByte2; GibiByte
 GibiByte3; GibiByte
 GiBps; GiB/s
 GigaBit1; GigaBit
 GigaBit2; GigaBit
 GigaBit3; GigaBit
 GigaByte1; GigaByte
 GigaByte2; GigaByte
 GigaByte3; GigaByte
 hour1; timma
 hour2; timmar
 hour3; timmar
 Hz; Hz
 image stream1; bildström
 image stream2; bildströmmar
 image stream3; bildströmmar
 KB; kB
 Kb; kb
 KBps; kB/s
 Kbps; kb/s
 KHz; kHz
 KiB; KiB
 KibiBit1; KibiBit
 KibiBit2; KibiBit
 KibiBit3; KibiBit
 KibiByte1; KibiByte
 KibiByte2; KibiByte
 KibiByte3; KibiByte
 KiBps; KiB/s
 KiloBit1; KiloBit
 KiloBit2; KiloBit
 KiloBit3; KiloBit
 KiloByte1; KiloByte
 KiloByte2; KiloByte
 KiloByte3; KiloByte
 MB; MB
 Mb; Mb
 Mbps; Mb/s
 MBps; MebiByte
 MebiBit1; MebiBit
 MebiBit2; MebiBit
 MebiBit3; MebiBit
 MebiByte1; MebiByte
 MebiByte2; MebiByte
 MebiByte3; MebiByte
 MegaBit1; MegaBit
 MegaBit2; MegaBit
 MegaBit3; MegaBit
 MegaByte1; MegaByte
 MegaByte2; MegaByte
 MegaByte3; MegaByte
 MHz; MHz
 MiB; MiB
 Mib; Mib
 MiBps; MiB/s
 millisecond1; millisekund
 millisecond2; millisekunder
 millisecond3; millisekunder
 minute1; minut
 minute2; minuter
 minute3; minuter
 month1; månad
 month2; månader
 month3; månader
 object1;
 object2;
 object3;
 pixel1; pixel
 pixel2; pixlar
 pixel3; pixlar
 second1; sekund
 second2; sekunder
 second3; sekunder
 text stream1; textström
 text stream2; textströmmar
 text stream3; textströmmar
 video frames1; bildruta
 video frames2; bildrutor
 video frames3; bildrutor
 video stream1; videoström
 video stream2; videoströmmar
 video stream3; videoströmmar
 warppoint0; Inga varppunkter
 warppoint1; varppunkt
 warppoint2; varppunkter
 warppoint3; varppunkter
 week1; vecka
 week2; veckor
 week3; veckor
 year1; år
 year2; år
 year3; år
, ;,
: ;:
3D;3D
3DType;3D-typ
5.1.2ch;
5.1.4ch;
5.1ch;
608_Mode;
7.1.2ch;
7.1ch;
About;Om
About_Hint;Kontakt - och versionsinformation
Accompaniment;Ackompanjemang
ActiveFormatDescription;Aktiv formatbeskrivning
ActiveFormatDescription_MuxingMode;Aktiv formatbeskrivning, mux-läge
Actor;Skådespelare
Actor_Character;Roll
Add creation date to text output;
Add version to text output;
Added_Date;Tillagd
Address;Adress
AdID;
ADM: Show ChannelFormats;
ADM: Show TrackUIDs;
AdmProfile;
Advanced;Avancerat
Advanced mode;Avancerat läge
Album;Album
Album_ReplayGain_Gain;Uppspelningsförstärkning för album
Album_ReplayGain_Peak;Förstärkningstopp för album
Alignment;Justering
Alignment_Aligned;Justerad efter interfoliering
Alignment_Split;Uppdelad över interfoliering
All;Alla
AlternateGroup;
Archival_Location;Arkiveringsplats
Arranger;Arrangör
ArtDirector;Formgivare
AspectRatio;Bildförhållande
AssistantDirector;Assisterande regissör
AssociatedVideo_FrameRate;
at;hos
At least one file;(Du måste öppna minst en fil)
Audio;Ljud
Audio stream(s);Ljudströmmar
Audio_Codec_List;Ljudavkodare
Audio_No;Inget ljud
Audio1;Första ljudströmmen
Audio2;Andra ljudströmmen
AudioComments;Ljudkommentarer
AudioCount;Antal ljudströmmar
AudioDescription;
AudioDescriptionPresent;Aktuell ljudbeskrivning
AudioDescriptionType;Ljudbeskrivningstyp
AudioLoudnessStandard;Ljudstyrkestandard
AudioRenderingIndication;
AudioSceneInfoID;
AudioTrackLayout;Ljudspårslayout
Author;Författare
Back4ToBack2;
Balance_FrontBackListener;
Balance_FrontBackOverheadFloor;
BarCode;Streckkod
Basic;Enkel
Basic_Note;OBS! För mer information om den här filen, måste du välja en annan vy (Lista, Träd...)
BedChannelConfiguration;
BedChannelCount;
BinauralRenderMode;
BitDepth;Bitdjup
BitDepth_Detected;
BitDepth_Stored;Lagrat 
BitRate;Dataflöde
BitRate_Encoded;Kodat dataflöde
BitRate_Maximum;Max. dataflöde
BitRate_Minimum;Min. dataflöde
BitRate_Mode;Dataflödesläge
BitRate_Mode_CBR;Konstant
BitRate_Mode_VBR;Variabelt
BitRate_Nominal;Nominellt dataflöde
Bits-(Pixel*Frame);Bitar/(Pixlar*bildruta)
BufferSize;Buffertstorlek
Cancel;Avbryt
CaptionServiceName;
CatalogNumber;
Channel(s);Kanal(er)
ChannelCoded;
ChannelConfiguration;
ChannelFormat;
ChannelLayout;
ChannelMode;
ChannelPositions;Kanalpositioner
Chapter(s);Kapitel
Chapters;Kapitel
Chapters stream(s);Kapitelströmm(ar)
Chapters_Codec_List;Kapitelkodekar
Chapters_No;Inga kapitel
ChaptersCount;Antal kapitelströmmar
CharacterSet;
CheckNewVersion;Sök efter ny version
Choose custom;Anpassa
Choose custom sheet;Välj en anpassad formatmall
Choose custom text;Välj anpassad text
Choose export format;Välj ett anpassat exportformat
Choose file(s);Välj filer att öppna
Choose filename;Välj önskat filnamn
Choose language;Välj önskat språk
Choreographer;Koreograf
Chroma;Kroma
ChromaSubsampling;Kroma-delsampling
Classifier;
ClearList;
Close;Stäng
Close all before open;Stäng alla före öppna
ClosedCaptionsLanguage;Undertextspråk
ClosedCaptionsPresent;Tillgängliga undertexter
ClosedCaptionsType;Undertexttyp
Codec;Kodek
Codec_Description;Kodekbeskrivning
Codec_Info;Kodekdetaljer
Codec_Profile;Kodekprofil
Codec_Settings;Kodekinställningar
Codec_Settings_BVOP;Kodekinställningar, BVOP
Codec_Settings_CABAC;Kodekinställningar, CABAC
Codec_Settings_Endianness;Kodekinställningar, Endianness
Codec_Settings_Firm;Kodekinställningar, Firm
Codec_Settings_Floor;Kodekinställningar, Floor
Codec_Settings_GMC;Kodekinställningar, GMC
Codec_Settings_ITU;Kodekinställningar, ITU
Codec_Settings_Law;Kodekinställningar, Law
Codec_Settings_Matrix;Kodekinställningar, Matrix
Codec_Settings_PacketBitStream;Kodekinställningar, Packet bitstream
Codec_Settings_QPel;Kodekinställningar, QPel
Codec_Settings_Sign;Kodekinställningar, Sign
Codec_Url;Webblänk till kodek
CodecConfigurationBox;
CodecID;Kodek-ID
CodecID_Description;Kodekbeskrivning
CoDirector;Medregisör
Collection;Samling
Colorimetry;Kolorimetri
ColorSpace;Färgrymd
colour_primaries;Primärfärger
colour_range;Färgskala
Comment;Kommentar
CommissionedBy;På uppdrag av
Compilation;Kompilering
ComplementaryObject;
CompleteName;Fullständigt namn
CompletionDate;Färdigställd
ComplexityIndex;
Composer;Kompositör
Compression_Mode;Komprimeringsläge
Compression_Mode_Lossless;Förlustfri
Compression_Mode_Lossy;Förstörande
Compression_Ratio;Komprimeringsförhållande
Conductor;Dirigent
ConformanceCheck;
ConformanceErrors;
ConformanceInfos;
ConformanceWarnings;
ContactEmail;E-postkontakt
ContactTelephoneNumber;Telefonkontakt
Container and general information;Behållare och allmän information
Content;
ContentType;Innehållstyp
CoProducer;Medproducent
Copyright;Copyright
CopyrightYear;Copyright-år
CostumeDesigner;Kostymdesigner
Count;Antal
Country;Land
Cover;Omslag
Cover_Datas;Omslagsinformation
Cover_Description;Omslagsbeskrivning
Cover_Mime;Omslagsformat
Cover_Type;Omslagstyp
Cropped;Beskärningsstorlek
Custom;Anpassad
CustomDownmixTargets;
Customize;Anpassa
DarkMode;
Date;Datum
Debug;Felsök
Decimal point;Decimalpunkt
Default;
Default_Setting;
DefaultTargetDeviceConfig;
Delay;Fördröjning
Delay_Source;Fördröjning, orig.
Delay_Source_Container;Behållare
Delay_Source_Stream;Raw ström
Delete;Tabort
Description;Beskrivning
Details;
dialnorm;
DialogueCorrected;
DialogueEnhancement;
DialogueNormalization;
Digitized_Date;Digitaliseringsdatum
Dimensions;Dimensioner
Director;Regissör
DirectorOfPhotography;Kamerachef
Disabled;
DisplayAspectRatio;Skärmbildförhållande
DisplayAspectRatio_CleanAperture;
DisplayAspectRatio_Original;Ursprungligt skärmbildförhållande
DistributedBy;Distribuerad av
Distributor;Distributör
Dolby_Atmos_Metadata;
DolbyAtmos;
Donate;Donera
DotsPerInch;Punkter per inch
Downmix;
Downmix_5.1.x;
Downmix_5to2;
Downmix_5to2_90deg;
DrcSets_Count;
DrcSets_Effects;
Duration;Varaktighet
Duration_End;Sluttid
Duration_End_Command;
Duration_Start;Starttid
Duration_Start_Command;
Duration_Start2End;
DynamicObject;
DynamicRangeControl;
Eac3DrcProfile;
Edit;Redigera
EditedBy;Redigerad av
EditorialClassification;
ElementaryStream;
ElementCount;
EMail;E-post
Encoded_Application;Skrivande program
Encoded_Date;Kodningsdatum
Encoded_Library;Skrivande bibliotek
Encoded_Library_Settings;Kodningsinställningar
Encoded_Original;Ursprungligt stöd
EncodedBy;Kodad av
EPG_Positions;EPG-positioner (interna)
EpisodeTitleNumber;Episodnummer
Error_File;Fel vid inläsning av fil
Error_File_Write;
Events_MinDuration;
Events_PaintOn;
Events_PopOn;
Events_RollUp;
Events_Total;
ExecutiveProducer;Verkställande producent
Exit;Avsluta
Exit_Hint;Stäng programmet
Export;Exportera
Export_Hint;Exportera i ett anpassat format
Extensions;Vanliga filändelser
External_Media_NotMounted;
Family;Familj
Fax;Fax
File;Fil
File size;Filstorlek
File_Append;Lägg till i den befintliga filen (Varning! Använd samma parametrar!)
File_Created_Date;Skapad
File_Created_Date_Local;Skapad (lokalt)
File_Hint;Välj en multimediafil
File_Modified_Date;Senast ändrad
File_Modified_Date_Local;Senast ändrad (lokalt)
FileExtension;Filändelse
FileName;Filnamn
FileNameExtension;
FileSize;Filstorlek
FirstDisplay_Delay_Frames;
FirstDisplay_Type;
FirstFrameOfAction;
FlatPanelTv;
FlowID;
Folder;Mapp
Folder (R);Mapp (R)
Folder (R)_Hint;Välj en mapp (med alla undermappar rekursivt)
Folder (Recursively);Mapp (rekursivt)
Folder_Hint;Välj en mapp
FolderName;Mappnamn
Forced;
Format;Format
Format_Commercial;Kommersiellt namn
Format_Commercial_IfAny;Kommersiellt namn
Format_Compression;
Format_Description;Formatbeskrivning
Format_Info;Formatdetaljer
Format_Level;
Format_Profile;Formatprofil
Format_Settings;Formatinställningar
Format_Settings_BVOP;Formatinställningar, BVOP
Format_Settings_CABAC;Formatinställningar, CABAC
Format_Settings_Emphasis;Betoning
Format_Settings_Endianness;Formatinställningar, Endianness
Format_Settings_Firm;Formatinställningar, Firm
Format_Settings_Floor;Formatinställningar, Floor
Format_Settings_FrameMode;Bildruteläge
Format_Settings_GMC;Formatinställningar, GMC
Format_Settings_GOP;Formatinställningar, GOP
Format_Settings_ITU;Formatinställningar, ITU
Format_Settings_Law;Formatinställningar, LAW
Format_Settings_Matrix;Formatinställningar, Matrix
Format_Settings_Matrix_Custom;Anpassa
Format_Settings_Matrix_Default;Standard
Format_Settings_Mode;Läge
Format_Settings_ModeExtension;Lägestillägg
Format_Settings_PacketBitStream;Formatinställningar, Bitströmpaket
Format_Settings_PictureStructure;Formatinställningar, Bildstruktur
Format_Settings_PS;Formatinställningar, PS
Format_Settings_Pulldown;Formatinställningar, Pulldown
Format_Settings_QPel;Formatinställningar, QPel
Format_Settings_RefFrames;Formatinställningar, RefFrames
Format_Settings_SBR;Formatinställningar, SBR
Format_Settings_Sign;Formatinställningar, Sign
Format_Settings_Wrapping;Formatinställningar, Omslagsläge
Format_Tier;
Format_Url;Webblänk för format
Format_Version;Formatversion
FormatDefinition;
FpaManufacturer;FPA Tillverkare
FpaPass;FPA Pass
FpaVersion;FPA Version
FrameCount;Antal bildrutor
FrameRate;Bildfrekvens
FrameRate_MaxFrameNumber;
FrameRate_Maximum;Max. bildfrekvens
FrameRate_Minimum;Min. bildfrekvens
FrameRate_Mode;Bildfrekvensläge
FrameRate_Mode_CFR;Konstant
FrameRate_Mode_VFR;Variabelt
FrameRate_Nominal;Nominell bildfrekvens
FrameRate_Original;Ursprunglig bildfrekvens
FrameRate_Real;
FullParsing;
General;Allmänt
GeneralCompliance;
Genre;Genre
Genre_000;Blues
Genre_001;Klassisk rock
Genre_002;Country
Genre_003;Dance
Genre_004;Disco
Genre_005;Funk
Genre_006;Grunge
Genre_007;Hip-Hop
Genre_008;Jazz
Genre_009;Metal
Genre_010;New Age
Genre_011;Oldies
Genre_012;Annat
Genre_013;Pop
Genre_014;R&B
Genre_015;Rap
Genre_016;Reggae
Genre_017;Rock
Genre_018;Techno
Genre_019;Industrial
Genre_020;Alternative
Genre_021;Ska
Genre_022;Death Metal
Genre_023;Pranks
Genre_024;Soundtrack
Genre_025;Euro-Techno
Genre_026;Ambient
Genre_027;Trip-Hop
Genre_028;Vocal
Genre_029;Jazz+Funk
Genre_030;Fusion
Genre_031;Trance
Genre_032;Klassiskt
Genre_033;Instrumental
Genre_034;Acid
Genre_035;House
Genre_036;Game
Genre_037;Sound Clip
Genre_038;Gospel
Genre_039;Noise
Genre_040;Alt. Rock
Genre_041;Bass
Genre_042;Soul
Genre_043;Punk
Genre_044;Space
Genre_045;Meditative
Genre_046;Instrumental Pop
Genre_047;Instrumental Rock
Genre_048;Ethnic
Genre_049;Gothic
Genre_050;Darkwave
Genre_051;Techno-Industrial
Genre_052;Electronic
Genre_053;Pop-Folk
Genre_054;Eurodance
Genre_055;Dream
Genre_056;Sydstatsrock
Genre_057;Comedy
Genre_058;Cult
Genre_059;Gangsta
Genre_060;Top 40
Genre_061;Kristen Rap
Genre_062;Pop/Funk
Genre_063;Jungle
Genre_064;Native American
Genre_065;Cabaret
Genre_066;New Wave
Genre_067;Psychadelic
Genre_068;Rave
Genre_069;Showtunes
Genre_070;Trailer
Genre_071;Lo-Fi
Genre_072;Tribal
Genre_073;Acid Punk
Genre_074;Acid Jazz
Genre_075;Polka
Genre_076;Retro
Genre_077;Musical
Genre_078;Rock & Roll
Genre_079;Hard Rock
Genre_080;Folk
Genre_081;Folkrock
Genre_082;National Folk
Genre_083;Swing
Genre_084;Fast Fusion
Genre_085;Bebob
Genre_086;Latin
Genre_087;Revival
Genre_088;Celtic
Genre_089;Bluegrass
Genre_090;Avantgarde
Genre_091;Gothic Rock
Genre_092;Progressive Rock
Genre_093;Psychedelic Rock
Genre_094;Symphonic Rock
Genre_095;Slow Rock
Genre_096;Big Band
Genre_097;Chorus
Genre_098;Easy Listening
Genre_099;Acoustic
Genre_100;Humour
Genre_101;Speech
Genre_102;Chanson
Genre_103;Opera
Genre_104;Chamber Music
Genre_105;Sonata
Genre_106;Symphony
Genre_107;Booty Bass
Genre_108;Primus
Genre_109;Porn Groove
Genre_110;Satire
Genre_111;Slow Jam
Genre_112;Club
Genre_113;Tango
Genre_114;Samba
Genre_115;Folklore
Genre_116;Ballad
Genre_117;Power Ballad
Genre_118;Rhythmic Soul
Genre_119;Freestyle
Genre_120;Duet
Genre_121;Punk Rock
Genre_122;Drum Solo
Genre_123;A capella
Genre_124;Euro-House
Genre_125;Dance Hall
Genre_126;Goa
Genre_127;Drum & Bass
Genre_128;Club-House
Genre_129;Hardcore
Genre_130;Terror
Genre_131;Indie
Genre_132;Britpop
Genre_133;Afropunk
Genre_134;Polsk Punk
Genre_135;Beat
Genre_136;Christian Gangsta Rap
Genre_137;Heavy Metal
Genre_138;Black Metal
Genre_139;Crossover
Genre_140;Contemporary Christian
Genre_141;Christian Rock
Genre_142;Merengue
Genre_143;Salsa
Genre_144;Trash Metal
Genre_145;Anime
Genre_146;JPop
Genre_147;Syntpop
Genre_148;Abstrakt
Genre_149;Konstrock
Genre_150;Barock
Genre_151;Bhangra
Genre_152;Big Beat
Genre_153;Breakbeat
Genre_154;Chillout
Genre_155;Nertempo
Genre_156;Dubb
Genre_157;EBM
Genre_158;Eklektisk
Genre_159;Elektro
Genre_160;Electroclash
Genre_161;Emo
Genre_162;Experimentell
Genre_163;Garage
Genre_164;Global
Genre_165;IDM
Genre_166;Illbient
Genre_167;Industri-goth
Genre_168;Jam Band
Genre_169;Krautrock
Genre_170;Leftfield
Genre_171;Lounge
Genre_172;Math Rock
Genre_173;Nyromantik
Genre_174;Nu-Breakz
Genre_175;Postpunk
Genre_176;Postrock
Genre_177;Psytrance
Genre_178;Shoegaze
Genre_179;Rymdrock
Genre_180;Trop Rock
Genre_181;Världsmusik
Genre_182;Nyklassisk
Genre_183;Ljudbok
Genre_184;Radioteater
Genre_185;Neue Deutsche Welle
Genre_186;Podcast
Genre_187;Indie rock
Genre_188;G-funk
Genre_189;Dubstep
Genre_190;Garagerock
Genre_191;Psybient
Go to WebSite;Besök hemsidan
Gop_OpenClosed;GOP, Öppen/Stängd
Gop_OpenClosed_Closed;Stängd
Gop_OpenClosed_FirstFrame;GOP, Öppen/Stängd av första bildrutan
Gop_OpenClosed_Open;Öppen
Graph;
Group;
Grouping;Gruppering
GroupPreset;
h; h
HDR_Format;
Header file;Skapa en header-fil
Height;Höjd
Height_CleanAperture;
Height_Original;Ursprunglig höjd
Help;Hjälp
Hint;Tips
HomeTheaterAvr;
How many audio streams?;Hur många ljudströmmar?
How many chapters streams?;Hur många kapitelströmmar
How many text streams?;Hur många textströmmar
How many video streams?;Hur många videoströmmar
HTML;HTML
ID;ID
IdentClockStart;
IFrameInterval;
Image;Bild
Image stream(s);Bildströmmar
Image_Codec_List;Bildcodecs
ImageCount;Antal bildströmmar
ImmersiveStereo;
Info;Info
Instruments;Instrument
IntegratedLoudness;
IntegratedLoudness_Level;
IntegratedLoudness_Speech;
InteractivityEnabled;
Interlaced_BFF;Bottenfält först
Interlaced_Interlaced;Sammanflätning
Interlaced_PPF;Progressiv
Interlaced_Progressive;Progressiv
Interlaced_TFF;Toppfält först
Interlacement;Sammanflätning
Interleave_Duration;Interfoliera, varaktighet
Interleave_Preload;Interfoliera, förladdad varaktighet
Interleave_VideoFrames;Interfoliera, varaktighet
Interleaved;Interfolierad
InternetMediaType;Internetmediatyp
IRCA;IRCA
ISBN;ISBN
ISRC;ISRC
JocBalance_FrontBackListener;
JocBalance_FrontBackOverheadFloor;
JocTrim_Center;
JocTrim_Height;
JocTrim_Surround;
JocTrimMode;
JocTrimMode0i;
JocTrimMode1i;
JocTrimMode2i;
JocTrimMode3i;
JocTrimMode4i;
JocTrimMode5i;
JocTrimMode6i;
JocTrimMode7i;
JocTrimMode8i;
Keywords;Nyckelord
Known codecs;Kända kodekar
Known formats;Kända format
Known parameters;Kända parametrar
Label;Etikett
Language;Språk
Language_aa;Afar
Language_ab;Abkhazian
Language_ae;Avestan
Language_af;Afrikaans
Language_ak;Akan
Language_am;Amharic
Language_an;Aragonese
Language_ar;Arabic
Language_as;Assamese
Language_av;Avaric
Language_ay;Aymara
Language_az;Azerbaijani
Language_ba;Bashkir
Language_be;Belarusian
Language_bg;Bulgariska
Language_bh;Bihari
Language_bi;Bislama
Language_bm;Bambara
Language_bn;Bengali
Language_bo;Tibetan
Language_br;Breton
Language_bs;Bosniska
Language_ca;Catalan
Language_ce;Chechen
Language_ch;Chamorro
Language_cmn;
Language_co;Corsican
Language_cr;Cree
Language_cs;Tjeckiska
Language_cu;Slave
Language_cv;Chuvash
Language_cy;Welsh
Language_da;Danska
Language_de;Tyska
Language_dv;Divehi
Language_dz;Dzongkha
Language_ee;Ewe
Language_el;Grekiska
Language_en;Engelska
Language_en-gb;Engelska (GB)
Language_en-us;Engelska (USA)
Language_eo;Esperanto
Language_es;Spanska
Language_es-419;
Language_et;Estniska
Language_eu;Baskiska
Language_fa;Persiska
Language_ff;Fulah
Language_fi;Finska
Language_fil;
Language_fj;Fijian
Language_fo;Faroese
Language_fr;Franska
Language_fy;Frisian
Language_ga;Irländska
Language_gd;Gaelic
Language_gl;Galician
Language_gn;Guarani
Language_gu;Gujarati
Language_gv;Manx
Language_ha;Hausa
Language_he;Hebrew
Language_hi;Hindi
Language_ho;Hiri Motu
Language_hr;Kroatiska
Language_ht;Haitian
Language_hu;Ungerska
Language_hy;Armenian
Language_hy-az;
Language_hz;Herero
Language_ia;Behjälplig språkassociation
Language_id;Indonesiska
Language_ie;Interlingue
Language_ig;Igbo
Language_ii;Sichuan Yi
Language_ik;Inupiaq
Language_Info;Språkinformation
Language_io;Ido
Language_is;Isländska
Language_it;Italienska
Language_iu;Inuktitut
Language_ja;Japanska
Language_jv;Javanese
Language_ka;Georgian
Language_kg;Kongo
Language_ki;Kikuyu
Language_kj;Kuanyama
Language_kk;Kazakh
Language_kl;Kalaallisut
Language_km;Khmer
Language_kn;Kannada
Language_ko;Koreanska
Language_kr;Kanuri
Language_ks;Kashmiri
Language_ku;Kurdish
Language_kv;Komi
Language_kw;Cornish
Language_ky;Kirghiz
Language_la;Latinska
Language_lb;Luxembourgish
Language_lg;Ganda
Language_li;Limburgish
Language_ln;Lingala
Language_lo;Lao
Language_lt;Lithuanian
Language_lu;Luba-Katanga
Language_lv;Latvian
Language_mg;Malagasy
Language_mh;Marshallese
Language_mi;Maori
Language_mk;Macedonian
Language_ml;Malayalam
Language_mn;Mongolian
Language_mn-cn;
Language_mo;Moldavian
Language_More;Språk, mer info
Language_mr;Marathi
Language_ms;Malay
Language_ms-bn;
Language_mt;Maltese
Language_mul;Multipla språk
Language_my;Burmese
Language_na;Nauru
Language_nb;Norska Bokmal
Language_nd;Ndebele
Language_ne;Nepali
Language_ng;Ndonga
Language_nl;Nederländska
Language_nl-be;
Language_nn;Norska Bokmal
Language_no;Norska
Language_nr;Ndebele
Language_nv;Navaho
Language_ny;Nyanja
Language_oc;Occitan
Language_oj;Ojibwa
Language_om;Oromo
Language_or;Oriya
Language_os;Ossetic
Language_pa;Panjabi
Language_pi;Pali
Language_pl;Polska
Language_ps;Pushto
Language_pt;Portugisiska
Language_pt-br;Portugisiska (Brasilien)
Language_qu;Quechua
Language_rm;Raeto-Romance
Language_rn;Rundi
Language_ro;Romäniska
Language_ru;Ryska
Language_rw;Kinyarwanda
Language_sa;Sanskrit
Language_sc;Sardinian
Language_sd;Sindhi
Language_se;Northern Sami
Language_sg;Sango
Language_si;Sinhala
Language_sk;Slovak
Language_sl;Slovenska
Language_sm;Samoan
Language_smi;
Language_sn;Shona
Language_so;Somali
Language_sq;Albanska
Language_sr;Serbiska
Language_ss;Swati
Language_st;Sotho
Language_su;Sundanese
Language_sv;Svenska
Language_sw;Swahili
Language_ta;Tamil
Language_te;Telugu
Language_tg;Tajik
Language_th;Thai
Language_ti;Tigrinya
Language_tk;Turkmen
Language_tl;Tagalog
Language_tn;Tswana
Language_to;Tonga
Language_tr;Turkiska
Language_ts;Tsonga
Language_tt;Tatar
Language_tw;Twi
Language_ty;Tahitian
Language_ug;Uighur
Language_uk;Ukrainska
Language_ur;Urdu
Language_uz;Uzbek
Language_ve;Venda
Language_vi;Vietnamesiska
Language_vo;Volapuk
Language_wa;Walloon
Language_wo;Wolof
Language_xh;Xhosa
Language_yi;Yiddish
Language_yo;Yoruba
Language_yue;
Language_za;Zhuang
Language_zh;Kinesiska
Language_zh-cmn;
Language_zh-cn;Kinesiska (Kina)
Language_zh-CN;
Language_zh-Hans;
Language_zh-Hant;
Language_zh-tw;Kinesiska (Taiwan)
Language_zh-TW;
Language_zh-yue;
Language_zu;Zulu
LawRating;Åldersgräns
LCCN;LCCN
LfeAttenuationKnown;
LfeMixGain;
Library;Muxningsbibliotek
Lifetime_Subscribe_Button;
Lightness;Ljus
Lines_Count;
Lines_MaxCountPerEvent;
LineUpStart;
LinkedTo_Bed_Pos;
LinkedTo_ChannelFormat_Pos;
LinkedTo_ComplementaryObject_Pos;
LinkedTo_Content_Pos;
LinkedTo_Group_Pos;
LinkedTo_Object_Pos;
LinkedTo_PackFormat_Pos;
LinkedTo_SignalGroup_Pos;
LinkedTo_StreamFormat_Pos;
LinkedTo_Substream_Pos;
LinkedTo_TrackFormat_Pos;
LinkedTo_TrackUID_Pos;
List;Lista
LongTermLoudness;
LoRoCenterMixGain;
LoRoSurroundMixGain;
Loudness_Anchor;
Loudness_Anchor_Album;
Loudness_Count;
Loudness_Count_Album;
Loudness_MaximumMomentary;
Loudness_MaximumMomentary_Album;
Loudness_MaximumOfRange;
Loudness_MaximumOfRange_Album;
Loudness_MaximumShortTerm;
Loudness_MaximumShortTerm_Album;
Loudness_ProductionMixingLevel;
Loudness_ProductionMixingLevel_Album;
Loudness_Program;
Loudness_Program_Album;
Loudness_Range;
Loudness_Range_Album;
Loudness_RoomType;
Loudness_RoomType_Album;
LtRtCenterMixGain;
LtRtSurroundMixGain;
Lyricist;Texter från
Lyrics;Texter
Mastered_Date;Master-datum
MasteredBy;Mastrad av
MasteringDisplay_ColorPrimaries;
MasteringDisplay_Luminance;
Matrix_Channel(s);Matriskodning
Matrix_ChannelPositions;Matriskodning, kanalpositioner
matrix_coefficients;Matriskoefficienter
Matrix_Format;Matriskodning, format
MaxCLL;
MaxFALL;
MaxGain;
MaximumMomentaryLoudness;
MaxTruePeak;
MD5;
MD5_Unencoded;
MediaInfo_About;MediaInfo tillhandahåller enkel tillgång till teknisk information, och tagginformation, om video- och ljudfiler.\r\nFörutom Mac App Stores grafiska användargränsnitt, är mjukvaran öppen källkod. Det innebär att den är kostnadsfri för slutanvändaren och att andra utvecklare tillåts studera, förbättra och återdistribuera programmet (BSD-licens).
MediaInfo_About_About;
Menu;Meny
Menu stream(s);Menyströmmar
Menu_Codec_List;Menykodekar
Menu_Hint;Fler möjligheter
Menu_No;Ingen meny
MenuCount;Antal menyströmmar
MenuID;Meny-ID
Metadata_Format;
Metadata_Format_Type;
Metadata_MuxingMode;
MixType;
mn; min
Mood;Läge
More;Mer
Movie;Filmnamn
ms; ms
MSDI;MSDI
MultipleStream;
MusicBy;Musik av
MuxingMode;Muxningsläge
MuxingMode_MoreInfo;Muxningsläge, mer info
MuxingMode_PackedBitstream;Paketerad bitström
Name;Namn
Nationality;Nationalitet
NetworkName;Nätverksnamn
New;Ny
Newest version;Sök efter nyare version (kräver Internetanslutning)
NewVersion_Menu;Ny version finns tillgänglig
NewVersion_Question_Content;En ny version (v%Version%) finns tillgänglig. Vill du ladda ner den?
NewVersion_Question_Title;En ny version har släppts!
No;Nej
Not yet;Inte än
NumberOfChannelFormats;
NumberOfContents;
NumberOfDynamicObjects;
NumberOfElementaryStreams;
NumberOfObjects;
NumberOfPackFormats;
NumberOfPresentations;
NumberOfProgrammes;
NumberOfStreamFormats;
NumberOfSubstreams;
NumberOfTrackFormats;
NumberOfTrackUIDs;
NumColors;Antal färger
Object;
ObjectCount;
OK;OK
One output file per input file;En utdatafil per indatafil
Open;Öppna
OpenCaptionsLanguage;Öppet textspråk
OpenCaptionsPresent;Aktuella öppna texter
OpenCaptionsType;Öppen texttyp
Options;Alternativ
Options_Hint;Inställningar
Original;Original
OriginalNetworkName;Ursprungligt nätverksnam
OriginalSourceForm;Ursprunglig källform
OriginalSourceMedium;Ursprungligt källmedium
OriginalSourceMedium_ID;
Originator;Upphovsman
Other;Annat
OtherIdentifier;Annan identifierare
OtherIdentifierType;Annan identifieringstyp
Output;Utdata
Output format;Utdataformat
OverallBitRate;Sammanlagt dataflöde
OverallBitRate_Maximum;Max. sammanlagt dataflöde
OverallBitRate_Minimum;Min. sammanlagt dataflöde
OverallBitRate_Mode;Sammanlagt dataflödesläge
OverallBitRate_Nominal;Nominellt sammanlagt dataflöde
PackageName;
PackFormat;
Part;Del
Part_Count;Totalt antal
PartNumber;Delnummer
PartTotal;Antal delar
Performer;Artist
Period;Period
Phase90FilterInfo;
Phase90FilterInfo2ch;
Phone;Telefon
PictureRatio;Bildförhållande
PixelAspectRatio;Pixelförhållande
PixelAspectRatio_CleanAperture;
PixelAspectRatio_Original;Ursprungligt pixelförhållande
PlayCounter;Spelräknare
Played_Count;Spelad
Played_First_Date;Spelades först
Played_Last_Date;Spelades senast
PlayTime;Speltid
PodcastCategory;
PortableHeadphones;
PortableSpeakers;
Position;Position
Position_Cartesian;
Position_Polar;
Position_Total;Totalt
Preferences;Inställningar
PreferredDownmix;
Premium;
Premium_Summary;
PreselectionLabel;
Presentation;
PresentationConfig;
PresentationConfig_ContentClassifier;
PresentationID;
PreviousDownmixType5ch;
PreviousMixType2ch;
PrimaryAudioLanguage;Primärt ljudspråk
Producer;Producent
ProductionDesigner;Produktionsdesigner
ProductionNumber;Produktionsnummer
ProductionStudio;Produktionsstudio
ProductPlacement;Produktplacering
Programme;
ProgrammeHasText;Programmet har text
ProgrammeTextLanguage;Textspråk
ProgrammeTitle;Programtitel
Publisher;Utgivare
Purchased_Date;Inköpsdatum
Quote character;Citationstecken
RadioStation;Radiokanal
Rating;Betyg
RealtimeLoudnessCorrected;
Recorded_Date;Inspelningsdatum
Recorded_Location;Inspelningsort
Reel;
Released_Date;Publiceringsdatum
RemixedBy;Remix av
RenderMode;
Renew;
ReplayGain_Gain;Replay gain
ReplayGain_Peak;Replay gain peak
Report;
Resolution;Upplösning
RestoreLifetimeSubscription;
s; sek
SamplePeakLevel;
SamplePeakLevel_Album;
SamplesPerFrame;
SamplingCount;Antal samplingar
SamplingRate;Samplingsfrekvens
Save;Spara
ScanOrder;Skannordning
ScanOrder_Original;Ursprunglig skannordning
ScanOrder_Stored;Lagrad skannordning
ScanOrder_StoredDisplayedInverted;Skannordning, inverterad lagrings-/visningsordning
ScanOrder_StoreMethod;Skanningsordning, lagringsmetod
ScanType;Skanningstyp
ScanType_Original;Ursprunglig skanningstyp
ScanType_StoreMethod;Skanningsordning, lagringsmetod
ScreenplayBy;Framträdande av
ScreenToCenter;
ScreenToFront;
Season;Säsong
SecondaryAudioLanguage;Sekundärt ljudspråk
see below;Se nedan
Send HeaderFile;Skicka header-filen här: http://sourceforge.net/projects/mediainfo/ (Tickets>Bugs)
Separator_Columns;Kolumnseparator
Separator_Lines;Linjeseparator
SeriesTitle;Seriestitel
ServiceChannel;Kanalnummer
ServiceKind;
ServiceName;Tjänstnamn
ServiceProvider;Tjänstleverantör
ServiceType;Tjänsttyp
Set;Uppsättning
Set_Count;Antal uppsättningar
Setup;Inställningar
Sharpness;Skärpa
Sheet;Lista
Sheet (Complete);Lista (Komplett)
Shell extension;Kontextmeny (Högerklicka i på en fil i Utforskaren, så visas ett MediaInfo-alternativ)
Shell extension, folder;Även för mappar
Shell InfoTip;Knappbeskrivning (Hovra över en fil i Utforskaren, så visas information)
ShimName;Shim-namn
ShimVersion;Shim-version
Show menu;Visa meny
Show toolbar;Visa verktygsfält
SignalGroup;
SigningPresent;Signaturer
SignLanguage;Signaturspråk
Sort;Sorterad av
SoundCategory;
SoundEngineer;Ljudingenjör
Source;Källa
Source_Duration;Källans varaktighet
Source_FrameCount;Källans bildfrekvens
Source_SamplingCount;Källans samplingsfrekvens
Source_StreamSize;Källans strömstorlek
Source_StreamSize_Encoded;Källans kodade strömstorlek
SpokenSubtitles;
Standard;Standard
StoreMethod_InterleavedFields;Interfolierade fält
StoreMethod_SeparatedFields;Separerade fält
StoreMethod_SeparatedFields_1;Separerade fält (1 fält per block)
StoreMethod_SeparatedFields_2;Separerade fält (2 fält per block)
Stream;Ström
Stream_MoreInfo;Mer information om strömmen
StreamCount;Antal strömmar av den här typen
StreamFormat;
StreamID;Ström-ID
streamIdentifier;
StreamKind;Strömtyp
StreamKindID;Strömidentifierare
StreamKindPos;Strömidentifierare
StreamSize;Strömstorlek
StreamSize_Demuxed;
StreamSize_Encoded;Kodad strömstorlek
StreamSize_Proportion;Strömproportioner
Subject;Ämne
Subscribe;
Subscribe_Button;
Subscribe_Failed;
Subscribe_Manage;
Subscribe_Renew;
Subscribe_Renew_Price;
Subscribe_Unaviable;
Subscribe_Waiting;
Subscription_Active;
Subscription_Android;
Subscription_Ended;
Subscription_Expired;
Subscription_Lifetime;
Subscription_Thanks;
Substream;
SubTrack;Underspår
SubtstreamIdChannel;
Summary;Sammanfattning
Supported formats;Format som stöds
Supported?;Stöd?
SupportUs;
SurroundAttenuationKnown;
SwitchGroup;
Synopsis;Sammandrag
SystemId;Id
Tagged_Application;Taggningsprogram
Tagged_Date;Taggingsdatum
TargetDeviceConfig;
Technician;Tekniker
TermsOfUse;Användarvillkor
TertiaryAudioLanguage;Tertiärt ljudspråk
Text;Text
Text - Custom;Text - Anpassad
Text (HTML);Text (HTML)
Text stream(s);Text strömm(ar)
Text streams;Text strömmar
Text_Codec_List;Textkodekar
Text_No;Ingen text
Text1;Första textströmmen
Text2;Andra textströmmen
Text3;Trejde textströmmen
TextCount;Antal textströmmar
TextlessElementsExist;Textlösa element förekommer
ThanksTo;Tack till
Thousands separator;Tusentalseparator
TimeCode;Tidskod
TimeCode_FirstFrame;Tidskod för första bildrutan
TimeCode_LastFrame;
TimeCode_MaxFrameNumber;
TimeCode_MaxFrameNumber_Theory;
TimeCode_Settings;Tidskodinställningar
TimeCode_Source;Tidskodskälla
TimeCode_Stripped;Tidskod, förinspelad
TimeStamp;Tidsstämpel
TimeZone;Tidszon
Title;Ttitel
Title_More;Title, mer info
Top4ToTop2;
TopBackToFront;
TopBackToSide;
TopFrontToBack;
TopFrontToFront;
TopFrontToSide;
Total;Totalt
TotalNumberOfParts;Totalt antal delar
TotalProgrammeDuration;Totalt programvaraktighet
Track;Spårnamn
Track_Count;Antal spår
TrackFormat;
TrackIndex;
TrackUID;
transfer_characteristics;Överföringsegenskaper
Translate_Reports;
Translator;Översättare
Transport;
Tree;Träd
Tree & Text;Träd & Text
Trim_Center;
Trim_Height;
Trim_Surround;
TrimMode;
TrimMode0i;
TrimMode1i;
TrimMode2i;
TrimMode3i;
TrimMode4i;
TrimMode5i;
TrimMode6i;
TrimMode7i;
TrimMode8i;
TruePeakLevel;
TruePeakLevel_Album;
Type;Typ
TypeDefinition;
UniqueID;Unikt ID
UniversalAdID;
UniversalAdID_Registry;
UniversalAdID_Value;
Unknown;Okänd
Url;URL
Video;Video
Video stream(s);Videoströmm(ar)
Video_Codec_List;Videokodekar
Video_Delay;Fördröjning relativt video
Video_No;Ingen video
Video0_Delay;Video0-fördröjning
Video1;Första videoströmmen
VideoComments;Videokommentarer
VideoCount;Antal videoströmmar
View;Visa
View_Hint;Ändra hur informationen skall visas
Views;
Warning : more streams in the files;Varning! Det finns fler strömmar i filerna!
Web;Webb
WebSite;
WebSite_Audio;Gå till hemsidan för denna ljudkodek
WebSite_Audio_More;Gå till webbsidan (%Url%) för att hitta denna ljudkodek
WebSite_General;Gå till webbsidan för en spelare till denna fil
WebSite_General_More;Gå till denna sida (%Url%) för att hitta passande spelare
WebSite_Text;Gå till webbsidan för denna textkodek
WebSite_Text_More;Gå till denna sida (%Url%) för att hitta denna textkodek
WebSite_Url;http://MediaArea.net/MediaInfo
WebSite_Video;Gå till webbsidan för denna videokodec
WebSite_Video_More;Gå till webbsidan (%Url%) för att hitta denna videokodek
Width;Bredd
Width_CleanAperture;
Width_Original;Ursprunglig bredd
WriteMe;Kontakta utvecklaren
WriteToTranslator;Kontakta översättaren
Written_Date;Datum
Written_Location;Ort
WrittenBy;Skrivet av
Yes;Ja
Your system;Ditt system
ZZ_Automatic_Percent;77
ZZ_AutomaticLanguage_Percent;78