  Language_ISO639;zh-CN
  Author_Email;stevenlele@outlook.com
  Author_Name;stevenlele
  Author_OldNames;chriszxl, erabbit, weiq530, nkh0472
  Language_Name;简体中文
  Config_Text_ColumnSize;40
  Config_Text_Separator; : 
  Config_Text_NumberTag; #
  Config_Text_FloatSeparator;.
  Config_Text_ThousandsSeparator; 
 audio stream1; 个音频流
 audio stream2; 个音频流
 audio stream3; 个音频流
 bit1; 位
 bit2; 位
 bit3; 位
 bps; b/s
 Bps; B/s
 Byte1; 字节
 Byte2; 字节
 Byte3; 字节
 channel1; 声道
 channel2; 声道
 channel3; 声道
 chapter1; 个章节
 chapter2; 个章节
 chapter3; 个章节
 chapters stream1; 个章节流
 chapters stream2; 个章节流
 chapters stream3; 个章节流
 character1; 个字符
 character2; 个字符
 character3; 个字符
 day1; 天
 day2; 天
 day3; 天
 dB0;0 dB
 dB1; dB
 dB2; dB
 dB3; dB
 file1; 个文件
 file2; 个文件
 file3; 个文件
 fps1; FPS
 fps2; FPS
 fps3; FPS
 frame1; 帧
 frame2; 帧
 frame3; 帧
 GB; GB
 Gb; Gb
 Gbps; Gb/s
 GBps; GB/s
 GHz; GHz
 GiB; GiB
 GibiByte1; GibiBytes
 GibiByte2; GibiBytes
 GibiByte3; GibiBytes
 GiBps; GiB/s
 GigaBit1; GigaBit
 GigaBit2; GigaBits
 GigaBit3; GigaBits
 GigaByte1; GigaByte
 GigaByte2; GigaBytes
 GigaByte3; GigaBytes
 hour1; 小时
 hour2; 小时
 hour3; 小时
 Hz; Hz
 image stream1; 个图像流
 image stream2; 个图像流
 image stream3; 个图像流
 KB; kB
 Kb; kb
 KBps; kB/s
 Kbps; kb/s
 KHz; kHz
 KiB; KiB
 KibiBit1; KibiBit
 KibiBit2; KibiBits
 KibiBit3; KibiBits
 KibiByte1; KibiByte
 KibiByte2; KibiBytes
 KibiByte3; KibiBytes
 KiBps; KiB/s
 KiloBit1; KiloBit
 KiloBit2; KiloBits
 KiloBit3; KiloBits
 KiloByte1; KiloByte
 KiloByte2; KiloBytes
 KiloByte3; KiloBytes
 MB; MB
 Mb; Mb
 Mbps; Mb/s
 MBps; MebiBytes
 MebiBit1; MebiBit
 MebiBit2; MebiBits
 MebiBit3; MebiBits
 MebiByte1; MebiByte
 MebiByte2; MebiBytes
 MebiByte3; MebiBytes
 MegaBit1; MegaBit
 MegaBit2; MegaBits
 MegaBit3; MegaBits
 MegaByte1; MegaByte
 MegaByte2; MegaBytes
 MegaByte3; MegaBytes
 MHz; MHz
 MiB; MiB
 Mib; Mib
 MiBps; MiB/s
 millisecond1; 毫秒
 millisecond2; 毫秒
 millisecond3; 毫秒
 minute1; 分
 minute2; 分
 minute3; 分
 month1; 月
 month2; 月
 month3; 月
 object1; 个对象
 object2; 个对象
 object3; 个对象
 pixel1; 像素
 pixel2; 像素
 pixel3; 像素
 second1; 秒
 second2; 秒
 second3; 秒
 slice per frame1;
 slice per frame2;
 slice per frame3;
 text stream1; 个字幕流
 text stream2; 个字幕流
 text stream3; 个字幕流
 video frames1; 个视频帧
 video frames2; 个视频帧
 video frames3; 个视频帧
 video stream1; 个视频流
 video stream2; 个视频流
 video stream3; 个视频流
 warppoint0;无变形参考点 (warp point)
 warppoint1; 个变形参考点 (warp point)
 warppoint2; 个变形参考点 (warp point)
 warppoint3; 个变形参考点 (warp point)
 week1; 周
 week2; 周
 week3; 周
 year1; 年
 year2; 年
 year3; 年
, ;, 
: ;: 
3D;3D
3DType;3D 类型
5.1.2ch;5.1.2
5.1.4ch;5.1.4
5.1ch;5.1
608_Mode;EIA-608 转换模式
7.1.2ch;7.1.2
7.1ch;7.1
About;关于
About_Hint;联系作者和检查更新
AC3_Metadata;
Accompaniment;伴奏
Active_DisplayAspectRatio;
Active_Height;
Active_Width;
ActiveFormatDescription;活动图像标识符 (AFD)
ActiveFormatDescription_MuxingMode;活动图像标识符 (AFD), 混流模式
Actor;演员
Actor_Character;饰演角色
Add creation date to text output;将创建日期添加到文本输出
Add version to text output;将版本添加到文本输出
Added_Date;添加日期
Address;地址
AdID;广告 ID 标识符
ADM: Show ChannelFormats;ADM: 显示 ChannelFormat
ADM: Show TrackUIDs;ADM: 显示 TrackUID
AdmProfile;ADM 配置 (Profile)
Advanced;高级
Advanced mode;高级模式
Advanced mode -->;
Album;专辑
Album_ReplayGain_Gain;专辑播放增益
Album_ReplayGain_Peak;专辑播放增益峰值
Alignment;对齐方式
Alignment_Aligned;对齐交错
Alignment_Split;分割交错
All;全部
AllFields;
AlternateGroup;组别
AnalyzeServicesMenu;
App_About;关于 MediaInfo
App_Hide;隐藏 MediaInfo
App_Quit;退出 MediaInfo
Archival_Location;归档位置
Arranger;编曲
ArtDirector;艺术指导
AspectRatio;宽高比
AssistantDirector;副导演
AssociatedVideo_FrameRate;关联视频帧率
at;@
At least one file;(至少要打开一个文件)
Attachments;
Audio;音频
Audio stream(s);音频流
Audio_Codec_List;音频解码器
Audio_Format_List;
Audio_Format_WithHint_List;
Audio_Language_List;
Audio_No;无音频
Audio1;音频 1
Audio2;音频 2
Audio3;
AudioComments;音频注释
AudioCount;音频流总数
AudioDescription;音频说明
AudioDescriptionPresent;含有音频说明
AudioDescriptionType;音频说明类型
AudioLoudnessStandard;音频响度标准
AudioRenderingIndication;音频渲染指示
AudioSceneInfoID;音频场景信息 ID
AudioTrackLayout;音轨格式
Author;作者
Back4ToBack2;Four backs to two backs
Balance_FrontBackListener;Front/back listener balance
Balance_FrontBackOverheadFloor;Front/back overhead/floor balance
BarCode;条形码
Basic;基本
Basic_Note;提示：请选择表格、树状图等其他视图了解更多文件信息
BedChannelConfiguration;音床声道配置
BedChannelCount;音床声道数
BinauralRenderMode;双耳渲染模式
BitDepth;位深
BitDepth_Detected;检测到的位深
BitDepth_Stored;存储的位深
BitRate;码率
BitRate_Encoded;编码码率
BitRate_Maximum;最大码率
BitRate_Minimum;最小码率
BitRate_Mode;码率模式
BitRate_Mode_CBR;恒定码率 (CBR)
BitRate_Mode_VBR;动态码率 (VBR)
BitRate_Nominal;额定码率
Bits-(Pixel*Frame);数据密度 [码率/(像素*帧率)]
BitstreamLevel;
Bring All to Front;前置全部窗口
BufferSize;缓冲大小
Cancel;取消
CaptionServiceName;字幕服务名称
CatalogNumber;
Channel(s);声道数
Channel(s)_Original;
ChannelCoded;声道是否编码
ChannelConfiguration;声道配置
ChannelFormat;声道格式
ChannelLayout;声道布局
ChannelLayout_Original;
ChannelMode;声道模式
ChannelPositions;声道位置
ChannelPositions_Original;
Chapter(s);章节数
Chapters;章节
Chapters stream(s);章节流
Chapters_Codec_List;章节解码器
Chapters_No;无章节
Chapters_Pos_Begin;
Chapters_Pos_End;
ChaptersCount;章节流总数
CharacterSet;
CheckNewVersion;检查新版本
Choose custom;自定义
Choose custom sheet;选择自定义表格
Choose custom text;选择自定义文字
Choose export format;选择输出格式
Choose file(s);选择文件
Choose filename;选择文件名
Choose language;选择语言
Choreographer;动作指导
Chroma;色度
ChromaSubsampling;色度抽样
Classifier;内容类别
ClearList;清除列表
Close;关闭
Close all before open;打开新文件前关闭其他文件
CloseAll;
ClosedCaptionsLanguage;隐藏式字幕语言
ClosedCaptionsPresent;含有隐藏式字幕
ClosedCaptionsType;隐藏式字幕类型
CloseFile;
CloseWindow;关闭窗口
Codec;编解码器
Codec_Description;编解码器说明
Codec_Info;编解码器详情
Codec_Profile;编码配置 (Profile)
Codec_Settings;编码设置
Codec_Settings_BVOP;编码设置, B 帧
Codec_Settings_CABAC;编码设置, CABAC
Codec_Settings_Endianness;编码设置, 字节顺序
Codec_Settings_Firm;编码设置, Firm
Codec_Settings_Floor;编码设置, Floor
Codec_Settings_GMC;编码设置, GMC
Codec_Settings_ITU;编码设置, ITU
Codec_Settings_Law;编码设置, Law
Codec_Settings_Matrix;编码设置, 矩阵
Codec_Settings_PacketBitStream;编码设置, Packet bitstream
Codec_Settings_QPel;编码设置, QPel
Codec_Settings_Sign;编码设置, Sign
Codec_Url;编解码器网址
CodecConfigurationBox;编码配置区块 (box)
CodecID;编解码器 ID
CodecID_Description;编解码器说明
CoDirector;联合导演
Collection;系列
Colorimetry;比色法
ColorSpace;色彩空间
ColorTheme;主题
ColorTheme_Dark;深色
ColorTheme_Light;浅色
ColorTheme_System;用系统设置
colour_primaries;色彩原色
colour_range;色彩范围
Comment;注释
CommissionedBy;委托人
Compare;
CompareView;
Compilation;选集
ComplementaryObject;互补对象
CompleteName;完整名称
CompletionDate;完整日期
ComplexityIndex;复杂度指数
Composer;作曲
Compression_Mode;压缩模式
Compression_Mode_Lossless;无损
Compression_Mode_Lossy;有损
Compression_Ratio;压缩率
comprprof;
Conductor;指挥
ConformanceCheck;一致性检查
ConformanceErrors;一致性错误
ConformanceInfos;一致性信息
ConformanceWarnings;一致性警告
ContactEmail;联络邮件
ContactTelephoneNumber;联络电话号码
Container and general information;容器格式和一般信息
Content;内容
ContentType;内容类型
CoProducer;联合制片人
Copy;拷贝
Copyright;版权
CopyrightYear;版权年份
CostumeDesigner;服装设计
Count;数量
Country;国家/地区
Cover;封面
Cover_Datas;封面数据
Cover_Description;封面说明
Cover_Mime;封面 MIME
Cover_Type;封面类型
CoverData;
Cropped;裁剪信息
Custom;自定义
CustomDownmixTargets;自定义缩混目标
Customize;自定义
DarkMode;深色模式
Date;日期
Debug;调试
Decimal point;小数点
Default;
Default translation;
Default_Setting;系统默认
DefaultTargetDeviceConfig;默认目标设备配置
DefaultView;
Delay;延迟
Delay_Source;延迟来源
Delay_Source_Container;容器
Delay_Source_Stream;媒体流
Delete;删除
Description;说明
Details;
dialnorm;对白归一化
DialogueCorrected;对白校正
DialogueEnhancement;对白增强
DialogueNormalization;对白归一化
Digitized_Date;数字化日期
Dimensions;尺寸
Director;导演
DirectorOfPhotography;摄影指导
Disabled;禁用
DisplayAspectRatio;画面比例
DisplayAspectRatio_CleanAperture;干净光圈画面比例
DisplayAspectRatio_Original;原始画面比例
DisplayCaptions;
DisplayCaptions_Command;
DisplayCaptions_Content;
DisplayCaptions_Stream;
DistributedBy;发行商
Distributor;发行商
Documents;
Dolby_Atmos_Metadata;杜比全景声元数据
DolbyAtmos;杜比全景声
Donate;赞助
DotsPerInch;DPI
DownloadFile;
DownloadFileError;
Downmix;Downmix
Downmix_5.1.x;5.1 and 5.1.x downmix
Downmix_5to2;5.1 to 2.0 downmix
DrcSets_Count;DRC 组数
DrcSets_Effects;DRC 效果类型
Duration;时长
Duration_End;结束时间
Duration_End_Command;结束时间 (命令)
Duration_Source;
Duration_Start;开始时间
Duration_Start_Command;开始时间 (命令)
Duration_Start2End;可视内容时长
DynamicObject;动态对象
DynamicRangeControl;动态范围控制
dynrngprof;
Eac3DrcProfile;E-AC-3 DRC 配置 (Profile)
Edit;编辑
EditedBy;编辑者
EditorialClassification;编辑分类
ElementaryStream;基本流
ElementCount;元素总数
EMail;电子邮件
Enable FFmpeg plugin;
Encoded_Application;编码程序
Encoded_Date;编码日期
Encoded_Hardware;
Encoded_Library;编码函数库
Encoded_Library_Name;
Encoded_Library_Settings;编码设置
Encoded_Library_Version;
Encoded_Original;编码源
EncodedBy;编码者
EPG_Positions;EPG 位置 (内部)
EpisodeTitleNumber;集数标题
Error;
Error_File;读取文件出错
Error_File_Write;写入文件出错
Error_Open;
Error_Save;
Events_MinDuration;
Events_PaintOn;PaintOn 事件数
Events_PopOn;PopOn 事件数
Events_RollUp;RollUp 事件数
Events_Total;事件总计数
ExecutiveProducer;出品人
Exit;退出
Exit_Hint;退出程序
Export;导出
Export_Hint;以自定义格式导出
Extensions;扩展名
External_Media_NotMounted;无法读取外部储存
Family;系列
Fax;传真
Feature_AdvancedMode;
Feature_FilesCompare;
Feature_More;
Feature_SelectView;
Field;
File;文件
File size;文件大小
File_Append;接在现有文件后面 (警告: 参数相同时要小心)
File_Created_Date;文件创建日期
File_Created_Date_Local;文件创建日期 (本地)
File_Hint;选择多媒体文件
File_Modified_Date;最后修改日期
File_Modified_Date_Local;最后修改日期 (本地)
FileExtension;扩展名
FileName;文件名
FileNameExtension;文件名和扩展名
FileSize;文件大小
Fill with a Dummy movie;
Fill with a realistic movie;
FirstDisplay_Delay_Frames;第一个事件前的帧数
FirstDisplay_Type;第一个事件的类型
FirstFrameOfAction;动作的第一帧
FlatPanelTv;平板电视
FlowID;Flow ID
Folder;文件夹
Folder (R);文件夹 (R)
Folder (R)_Hint;选择一个文件夹 (包含所有子文件夹)
Folder (Recursively);文件夹 (包含子文件夹)
Folder_Hint;选择文件夹
FolderName;文件夹名称
Forced;
Format;格式
Format_AdditionalFeatures;
Format_Commercial;传播名
Format_Commercial_IfAny;传播名
Format_Compression;压缩算法
Format_Description;格式说明
Format_Info;格式详情
Format_Level;格式标准 (Level)
Format_Profile;格式配置 (Profile)
Format_Settings;格式设置
Format_Settings_BVOP;格式设置, B 帧
Format_Settings_CABAC;格式设置, CABAC
Format_Settings_Emphasis;频率增强 (Emphasis)
Format_Settings_Endianness;格式设置, 字节顺序
Format_Settings_Firm;格式设置, Firm
Format_Settings_Floor;格式设置, Floor
Format_Settings_FrameMode;帧模式
Format_Settings_GMC;格式设置, GMC
Format_Settings_GOP;格式设置, GOP
Format_Settings_ITU;格式设置, ITU
Format_Settings_Law;格式设置, Law
Format_Settings_Matrix;格式设置, 矩阵
Format_Settings_Matrix_Custom;自定义
Format_Settings_Matrix_Default;默认
Format_Settings_Mode;模式
Format_Settings_ModeExtension;模式扩展
Format_Settings_PacketBitStream;格式设置, Packet bitstream
Format_Settings_PictureStructure;格式设置, 图像结构
Format_Settings_PS;格式设置, PS
Format_Settings_Pulldown;格式设置, Pulldown
Format_Settings_QPel;格式设置, QPel
Format_Settings_RefFrames;格式设置, 参考帧
Format_Settings_SBR;格式设置, SBR
Format_Settings_Sign;格式设置, Sign
Format_Settings_SliceCount;
Format_Settings_Wrapping;格式设置, 封装模式
Format_Tier;格式等级 (Tier)
Format_Url;格式网址
Format_Version;格式版本
FormatDefinition;格式定义
FpaManufacturer;FPA 制造商
FpaPass;FPA 通过
FpaVersion;FPA 版本
FrameCount;总帧数
FrameCount_Source;
FrameRate;帧率
FrameRate_Den;
FrameRate_Maximum;最高帧率
FrameRate_Minimum;最低帧率
FrameRate_Mode;帧率模式
FrameRate_Mode_CFR;恒定帧率 (CFR)
FrameRate_Mode_VFR;动态帧率 (VFR)
FrameRate_Nominal;额定帧率
FrameRate_Num;
FrameRate_Original;原始帧率
FrameRate_Real;真实帧率
FullParsing;
FullParsingTips;
Gallery;
General;概览
GeneralCompliance;
Genre;流派
Genre_000;Blues
Genre_001;Classic Rock
Genre_002;Country
Genre_003;Dance
Genre_004;Disco
Genre_005;Funk
Genre_006;Grunge
Genre_007;Hip-Hop
Genre_008;Jazz
Genre_009;Metal
Genre_010;New Age
Genre_011;Oldies
Genre_012;Other
Genre_013;Pop
Genre_014;R&B
Genre_015;Rap
Genre_016;Reggae
Genre_017;Rock
Genre_018;Techno
Genre_019;Industrial
Genre_020;Alternative
Genre_021;Ska
Genre_022;Death Metal
Genre_023;Pranks
Genre_024;Soundtrack
Genre_025;Euro-Techno
Genre_026;Ambient
Genre_027;Trip-Hop
Genre_028;Vocal
Genre_029;Jazz+Funk
Genre_030;Fusion
Genre_031;Trance
Genre_032;Classical
Genre_033;Instrumental
Genre_034;Acid
Genre_035;House
Genre_036;Game
Genre_037;Sound Clip
Genre_038;Gospel
Genre_039;Noise
Genre_040;Alt. Rock
Genre_041;Bass
Genre_042;Soul
Genre_043;Punk
Genre_044;Space
Genre_045;Meditative
Genre_046;Instrumental Pop
Genre_047;Instrumental Rock
Genre_048;Ethnic
Genre_049;Gothic
Genre_050;Darkwave
Genre_051;Techno-Industrial
Genre_052;Electronic
Genre_053;Pop-Folk
Genre_054;Eurodance
Genre_055;Dream
Genre_056;Southern Rock
Genre_057;Comedy
Genre_058;Cult
Genre_059;Gangsta Rap
Genre_060;Top 40
Genre_061;Christian Rap
Genre_062;Pop/Funk
Genre_063;Jungle
Genre_064;Native American
Genre_065;Cabaret
Genre_066;New Wave
Genre_067;Psychedelic
Genre_068;Rave
Genre_069;Showtunes
Genre_070;Trailer
Genre_071;Lo-Fi
Genre_072;Tribal
Genre_073;Acid Punk
Genre_074;Acid Jazz
Genre_075;Polka
Genre_076;Retro
Genre_077;Musical
Genre_078;Rock & Roll
Genre_079;Hard Rock
Genre_080;Folk
Genre_081;Folk-Rock
Genre_082;National Folk
Genre_083;Swing
Genre_084;Fast Fusion
Genre_085;Bebop
Genre_086;Latin
Genre_087;Revival
Genre_088;Celtic
Genre_089;Bluegrass
Genre_090;Avantgarde
Genre_091;Gothic Rock
Genre_092;Progressive Rock
Genre_093;Psychedelic Rock
Genre_094;Symphonic Rock
Genre_095;Slow Rock
Genre_096;Big Band
Genre_097;Chorus
Genre_098;Easy Listening
Genre_099;Acoustic
Genre_100;Humour
Genre_101;Speech
Genre_102;Chanson
Genre_103;Opera
Genre_104;Chamber Music
Genre_105;Sonata
Genre_106;Symphony
Genre_107;Booty Bass
Genre_108;Primus
Genre_109;Porn Groove
Genre_110;Satire
Genre_111;Slow Jam
Genre_112;Club
Genre_113;Tango
Genre_114;Samba
Genre_115;Folklore
Genre_116;Ballad
Genre_117;Power Ballad
Genre_118;Rhythmic Soul
Genre_119;Freestyle
Genre_120;Duet
Genre_121;Punk Rock
Genre_122;Drum Solo
Genre_123;A Cappella
Genre_124;Euro-House
Genre_125;Dance Hall
Genre_126;Goa
Genre_127;Drum & Bass
Genre_128;Club-House
Genre_129;Hardcore
Genre_130;Terror
Genre_131;Indie
Genre_132;BritPop
Genre_133;Afro-Punk
Genre_134;Polsk Punk
Genre_135;Beat
Genre_136;Christian Gangsta Rap
Genre_137;Heavy Metal
Genre_138;Black Metal
Genre_139;Crossover
Genre_140;Contemporary Christian
Genre_141;Christian Rock
Genre_142;Merengue
Genre_143;Salsa
Genre_144;Thrash Metal
Genre_145;Anime
Genre_146;JPop
Genre_147;Synthpop
Genre_148;Abstract
Genre_149;Art Rock
Genre_150;Baroque
Genre_151;Bhangra
Genre_152;Big Beat
Genre_153;Breakbeat
Genre_154;Chillout
Genre_155;Downtempo
Genre_156;Dub
Genre_157;EBM
Genre_158;Eclectic
Genre_159;Electro
Genre_160;Electroclash
Genre_161;Emo
Genre_162;Experimental
Genre_163;Garage
Genre_164;Global
Genre_165;IDM
Genre_166;Illbient
Genre_167;Industro-Goth
Genre_168;Jam Band
Genre_169;Krautrock
Genre_170;Leftfield
Genre_171;Lounge
Genre_172;Math Rock
Genre_173;New Romantic
Genre_174;Nu-Breakz
Genre_175;Post-Punk
Genre_176;Post-Rock
Genre_177;Psytrance
Genre_178;Shoegaze
Genre_179;Space Rock
Genre_180;Trop Rock
Genre_181;World Music
Genre_182;Neoclassical
Genre_183;Audiobook
Genre_184;Audio Theatre
Genre_185;Neue Deutsche Welle
Genre_186;Podcast
Genre_187;Indie Rock
Genre_188;G-Funk
Genre_189;Dubstep
Genre_190;Garage Rock
Genre_191;Psybient
Go to WebSite;访问网站
Gop_OpenClosed;GOP 开闭
Gop_OpenClosed_Closed;封闭 (Closed)
Gop_OpenClosed_FirstFrame;第一帧 GOP 开闭
Gop_OpenClosed_Open;开放 (Open)
Graph;图形
Group;分组
Grouping;分组
GroupPreset;分组预设 (Preset)
h; 时
HDR_Format;HDR 格式
Header file;创建头文件
Height;高度
Height_CleanAperture;干净光圈高度
Height_Original;原始高度
Help;帮助
HideOthers;隐藏其他
Hint;提示
HomeTheaterAvr;家庭影院 AVR
How many audio streams?;有多少个音频流？
How many chapters streams?;有多少个章节流？
How many text streams?;有多少个字幕流？
How many video streams?;有多少个视频流？
HTML;网页
ID;ID
IdentClockStart;报时画面起始点
IFrameInterval;I 帧间隔
Image;图像
Image stream(s);图像流
Image_Codec_List;图像解码器
ImageCount;图像流总数
ImmersiveStereo;沉浸式立体声
Info;信息
Instruments;乐器
IntegratedLoudness;综合响度
IntegratedLoudness_Level;综合响度 (level gated)
IntegratedLoudness_Speech;综合响度 (speech gated)
InteractivityEnabled;启用交互
Interlaced_BFF;底场优先 (BFF)
Interlaced_Interlaced;隔行扫描 (交错)
Interlaced_PPF;逐行扫描 (连续)
Interlaced_Progressive;逐行扫描 (连续)
Interlaced_TFF;顶场优先 (TFF)
Interlacement;扫描模式
Interleave_Duration;交错间隔时间
Interleave_Preload;交错预加载时间
Interleave_VideoFrames;交错间隔帧数
Interleaved;交错
InternetMediaType;网络媒体类型
IRCA;IRCA
ISBN;ISBN
ISRC;ISRC
IsStreamable;
Keywords;关键词
Known codecs;已知解码器
Known formats;已知格式
Known parameters;已知参数
Label;标签
Language;语言
Language_aa;阿法尔语 (Afar)
Language_ab;阿布哈兹语 (Abkhazian)
Language_ae;阿维斯陀语 (Avestan)
Language_af;南非荷兰语/阿非利卡语 (Afrikaans)
Language_ak;阿坎语 (Akan)
Language_am;阿姆哈拉语 (Amharic)
Language_an;阿拉贡语 (Aragonese)
Language_ar;阿拉伯语 (Arabic)
Language_as;阿萨姆语 (Assamese)
Language_av;阿瓦尔语 (Avaric)
Language_ay;艾马拉语 (Aymara)
Language_az;阿塞拜疆语 (Azerbaijani)
Language_ba;巴什基尔语 (Bashkir)
Language_be;白俄罗斯语 (Belarusian)
Language_bg;保加利亚语 (Bulgarian)
Language_bh;比哈尔语 (Bihari)
Language_bi;比斯拉马语 (Bislama)
Language_bm;班巴拉语 (Bambara)
Language_bn;孟加拉语 (Bengali)
Language_bo;藏语 (Tibetan)
Language_br;布列塔尼语 (Breton)
Language_bs;波斯尼亚语 (Bosnian)
Language_ca;加泰罗尼亚语 (Catalan)
Language_ce;车臣语 (Chechen)
Language_ch;查莫罗语 (Chamorro)
Language_cmn;
Language_co;科西嘉语 (Corsican)
Language_cr;克里语 (Cree)
Language_cs;捷克语 (Czech)
Language_cu;古教会斯拉夫语 (Slavonic)
Language_cv;楚瓦什语 (Chuvash)
Language_cy;威尔士语 (Welsh)
Language_da;丹麦语 (Danish)
Language_de;德语 (German)
Language_dv;迪维希语 (Divehi)
Language_dz;不丹语 (Dzongkha)
Language_ee;埃维语 (Ewe)
Language_el;希腊语 (Greek)
Language_en;英语 (English)
Language_en-gb;英式英语 (English, Great Britain)
Language_en-us;美式英语 (English, United States)
Language_eo;世界语 (Esperanto)
Language_es;西班牙语 (Spanish)
Language_es-419;拉美西班牙语 (Spanish, Latin America)
Language_et;爱沙尼亚语 (Estonian)
Language_eu;巴斯克语 (Basque)
Language_fa;波斯语 (Persian)
Language_ff;富拉语 (Fulah)
Language_fi;芬兰语 (Finnish)
Language_fil;
Language_fj;斐济语 (Fijian)
Language_fo;法罗语 (Faroese)
Language_fr;法语 (French)
Language_fy;弗里斯语 (Frisian)
Language_ga;爱尔兰语 (Irish)
Language_gd;苏格兰盖尔语 (Gaelic)
Language_gl;加利西亚语 (Galician)
Language_gn;瓜拉尼语 (Guarani)
Language_gu;古吉拉特语 (Gujarati)
Language_gv;曼岛语 (Manx)
Language_ha;豪萨语 (Hausa)
Language_he;希伯来语 (Hebrew)
Language_hi;印地语 (Hindi)
Language_ho;莫土语 (Hiri Motu)
Language_hr;克罗地亚语 (Croatian)
Language_ht;海地语 (Haitian)
Language_hu;匈牙利语 (Hungarian)
Language_hy;亚美尼亚语 (Armenian)
Language_hy-az;阿塞拜疆亚美尼亚语 (Armenian, Azerbaijani)
Language_hz;赫雷罗语 (Herero)
Language_ia;国际语 (Auxiliary Language Association)
Language_id;印尼语 (Indonesian)
Language_ie;西方国际语 (Interlingue)
Language_ig;伊博语 (Igbo)
Language_ii;四川彝语 (Sichuan Yi)
Language_ik;伊努皮克语 (Inupiaq)
Language_Info;语言信息
Language_io;伊多语 (Ido)
Language_is;冰岛语 (Icelandic)
Language_it;意大利语 (Italian)
Language_iu;伊努特语 (Inuktitut)
Language_ja;日语 (Japanese)
Language_jv;爪哇语 (Javanese)
Language_ka;格鲁吉亚语 (Georgian)
Language_kg;刚果语 (Kongo)
Language_ki;基库尤语 (Kikuyu)
Language_kj;宽亚玛语/广雅语 (Kuanyama)
Language_kk;哈萨克语 (Kazakh)
Language_kl;格陵兰语 (Kalaallisut)
Language_km;高棉语 (Khmer)
Language_kn;卡纳达语 (Kannada)
Language_ko;韩语 (Korean)
Language_kr;卡努里语 (Kanuri)
Language_ks;克什米尔语 (Kashmiri)
Language_ku;库尔德语 (Kurdish)
Language_kv;科米语 (Komi)
Language_kw;康沃尔语 (Cornish)
Language_ky;吉尔吉斯语 (Kirghiz)
Language_la;拉丁语 (Latin)
Language_lb;卢森堡语 (Luxembourgish)
Language_lg;卢干达语 (Ganda)
Language_li;林堡语 (Limburgish)
Language_ln;林加拉语 (Lingala)
Language_lo;老挝语 (Lao)
Language_lt;立陶宛语 (Lithuanian)
Language_lu;契卢巴语 (Luba-Katanga)
Language_lv;拉脱维亚语 (Latvian)
Language_mg;马达加斯加语 (Malagasy)
Language_mh;马绍尔语 (Marshallese)
Language_mi;毛利语 (Maori)
Language_mk;马其顿语 (Macedonian)
Language_ml;马拉雅拉姆语 (Malayalam)
Language_mn;蒙古语 (Mongolian)
Language_mn-cn;中国蒙古语 (Mongolian, China)
Language_mo;摩尔多瓦语 (Moldavian)
Language_More;语言详情
Language_mr;马拉地语 (Marathi)
Language_ms;马来语 (Malay)
Language_ms-bn;文莱马来语 (Malay, Brunei)
Language_mt;马尔他语 (Maltese)
Language_mul;多国语言
Language_my;缅甸语 (Burmese)
Language_na;瑙鲁语 (Nauru)
Language_nb;书面挪威语 (Norwegian Bokmal)
Language_nd;北恩德贝勒语 (Ndebele)
Language_ne;尼泊尔语 (Nepali)
Language_ng;恩东加语 (Ndonga)
Language_nl;荷兰语 (Dutch)
Language_nl-be;比利时荷兰语 (Flemish)
Language_nn;新挪威语 (Norwegian Nynorsk)
Language_no;挪威语 (Norwegian)
Language_nr;南恩德贝勒语 (Ndebele)
Language_nv;纳瓦霍语 (Navaho)
Language_ny;奇契瓦语/尼扬贾语 (Nyanja)
Language_oc;奥克语 (Occitan)
Language_oj;奥吉布瓦语 (Ojibwa)
Language_om;奥罗莫语 (Oromo)
Language_or;奥里雅语 (Oriya)
Language_os;奥塞梯语 (Ossetic)
Language_pa;旁遮普语 (Panjabi)
Language_pi;巴利语 (Pali)
Language_pl;波兰语 (Polish)
Language_ps;普什图语 (Pushto)
Language_pt;葡萄牙语 (Portuguese)
Language_pt-br;巴西葡萄牙语 (Portuguese, Brazil)
Language_qu;克丘亚语 (Quechua)
Language_rm;罗曼什语/拉丁罗曼语 (Raeto-Romance)
Language_rn;基隆迪语 (Rundi)
Language_ro;罗马尼亚语 (Romanian)
Language_ru;俄语 (Russian)
Language_rw;卢旺达语 (Kinyarwanda)
Language_sa;梵语 (Sanskrit)
Language_sc;撒丁语 (Sardinian)
Language_sd;信德语 (Sindhi)
Language_se;北萨米语 (Northern Sami)
Language_sg;桑戈语 (Sango)
Language_si;僧伽罗语 (Sinhala)
Language_sk;斯洛伐克语 (Slovak)
Language_sl;斯洛文尼亚语 (Slovenian)
Language_sm;萨摩亚语 (Samoan)
Language_smi;萨米语 (Sami)
Language_sn;绍纳语 (Shona)
Language_so;索马里语 (Somali)
Language_sq;阿尔巴尼亚语 (Albanian)
Language_sr;塞尔维亚语 (Serbian)
Language_ss;斯威士语/斯瓦蒂语 (Swati)
Language_st;塞索托语 (Sotho)
Language_su;巽他语 (Sundanese)
Language_sv;瑞典语 (Swedish)
Language_sw;斯瓦希里语 (Swahili)
Language_ta;泰米尔语 (Tamil)
Language_te;泰卢固语 (Telugu)
Language_tg;塔吉克语 (Tajik)
Language_th;泰语 (Thai)
Language_ti;提格雷尼亚语 (Tigrinya)
Language_tk;土库曼语 (Turkmen)
Language_tl;菲律宾语/他加禄语 (Tagalog)
Language_tn;茨瓦纳语 (Tswana)
Language_to;汤加语 (Tonga)
Language_tr;土耳其语 (Turkish)
Language_ts;聪加语 (Tsonga)
Language_tt;鞑靼语 (Tatar)
Language_tw;契维语/特威语 (Twi)
Language_ty;塔希提语 (Tahitian)
Language_ug;维吾尔语 (Uighur)
Language_uk;乌克兰语 (Ukrainian)
Language_ur;乌尔都语 (Urdu)
Language_uz;乌兹别克语 (Uzbek)
Language_ve;文达语 (Venda)
Language_vi;越南语 (Vietnamese)
Language_vo;沃拉普克语 (Volapuk)
Language_wa;瓦隆语 (Walloon)
Language_wo;沃洛夫语 (Wolof)
Language_xh;科萨语 (Xhosa)
Language_yi;意第绪语 (Yiddish)
Language_yo;约鲁巴语 (Yoruba)
Language_yue;
Language_za;壮语 (Zhuang)
Language_zh;中文 (Chinese)
Language_zh-cmn;
Language_zh-cn;简体中文 (Chinese, China)
Language_zh-CN;
Language_zh-Hans;
Language_zh-Hant;
Language_zh-tw;繁体中文 (Chinese, Taiwan)
Language_zh-TW;
Language_zh-yue;
Language_zu;祖鲁语 (Zulu)
LanguageChanges;
Languages;
LawRating;分级
LCCN;LCCN
LegacyStreamDisplay;
LfeAttenuationKnown;LFE 衰减是否已知
LfeMixGain;LFE 混音增益
Library;混流函数库
Lifetime_Subscribe_Button;终身订阅价格 %PRICE%
Lightness;亮度
Lines_Count;行数
Lines_MaxCountPerEvent;每个事件的最大行数
LineUpStart;Line Up 起始点
LinkedTo_Bed_Pos;音床 #s
LinkedTo_ChannelFormat_Pos;声道格式 #s
LinkedTo_ComplementaryObject_Pos;互补对象 #s
LinkedTo_Content_Pos;内容 #s
LinkedTo_Group_Pos;分组 #s
LinkedTo_Object_Pos;对象 #s
LinkedTo_PackFormat_Pos;包格式 #s
LinkedTo_SignalGroup_Pos;信号组 #s
LinkedTo_StreamFormat_Pos;流格式 #s
LinkedTo_Substream_Pos;子流 #s
LinkedTo_TrackFormat_Pos;轨道格式 #s
LinkedTo_TrackUID_Pos;轨道 UID #s
List;列表
LongTermLoudness;
LoRoCenterMixGain;LoRo 中央混音增益
LoRoSurroundMixGain;LoRo 环绕混音增益
Loudness_Anchor;锚点响度
Loudness_Anchor_Album;锚点响度 (专辑)
Loudness_Count;响度信息数
Loudness_Count_Album;响度信息数 (专辑)
Loudness_MaximumMomentary;最大瞬时响度
Loudness_MaximumMomentary_Album;最大瞬时响度 (专辑)
Loudness_MaximumOfRange;范围最大值
Loudness_MaximumOfRange_Album;范围最大值 (专辑)
Loudness_MaximumShortTerm;最大短时响度
Loudness_MaximumShortTerm_Album;最大短时响度 (专辑)
Loudness_ProductionMixingLevel;制作混音等级
Loudness_ProductionMixingLevel_Album;制作混音等级 (专辑)
Loudness_Program;节目响度
Loudness_Program_Album;节目响度 (专辑)
Loudness_Range;响度范围
Loudness_Range_Album;响度范围 (专辑)
Loudness_RoomType;制作录音室类型
Loudness_RoomType_Album;制作录音室类型 (专辑)
LtRtCenterMixGain;LtRt 中央混音增益
LtRtSurroundMixGain;LtRt 环绕混音增益
Lyricist;作词
Lyrics;歌词
MacCreatedBy;
Mastered_Date;母带制作日期
MasteredBy;母带制作者
MasteringDisplay_ColorPrimaries;制片显示器色彩原色
MasteringDisplay_Luminance;制片显示器亮度
Matrix_Channel(s);矩阵编码, 声道数
Matrix_ChannelPositions;矩阵编码, 声道位置
matrix_coefficients;矩阵系数
Matrix_Format;矩阵编码, 格式
MaxCLL;最大内容亮度 (CLL)
MaxFALL;最大帧平均亮度 (FALL)
MaxGain;最大增益
MaximumMomentaryLoudness;最大瞬时响度
MaxTruePeak;最大真实峰值
MD5;
MD5_Unencoded;
MediaInfo_About;使用 MediaInfo 可以轻松读取音视频文件的编码和标签信息。\r\n本软件按 BSD 授权协议开源，用户可以免费使用，开发者也可以自由地学习、修改、重新发布本软件。（Mac App Store 图形界面除外）
MediaInfo_About_About;MediaInfo v%MI_VERSION%，内置 MediaInfoLib v%MIL_VERSION%
MediaInfo_WebSite;
Menu;菜单
Menu stream(s);菜单流
Menu_Codec_List;菜单解码器
Menu_Hint;更多选择
Menu_No;无菜单
MenuCount;菜单流总数
MenuID;菜单 ID
Metadata_Format;元数据格式
Metadata_Format_Type;元数据帧类型
Metadata_MuxingMode;元数据复用模式
Minimize;最小化
MixType;混音类型
mn; 分
Mood;情绪
More;更多
Movie;电影名称
ms; 毫秒
MSDI;MSDI
MultipleStream;多个流
MultiView_Count;
MusicBy;音乐制作
MuxingMode;混流模式
MuxingMode_MoreInfo;混流模式详细信息
MuxingMode_PackedBitstream;Packed bitstream
Name;名称
Nationality;国藉
NetworkName;网络名称
New;新建
Newest version;检查更新 (需要连接网络)
NewVersion_Menu;有新版本
NewVersion_Question_Content;有新版本 (v%Version%)，要下载吗？
NewVersion_Question_Title;新版本已发布！
No;否
Not yet;尚无
NumberOfChannelFormats;声道格式数量
NumberOfContents;内容数量
NumberOfDynamicObjects;动态对象数量
NumberOfElementaryStreams;基本流数量
NumberOfObjects;对象数量
NumberOfPackFormats;包格式数量
NumberOfPresentations;形式 (Presentation) 数量
NumberOfProgrammes;节目数量
NumberOfStreamFormats;流格式数量
NumberOfSubstreams;子流数量
NumberOfTrackFormats;轨道格式数量
NumberOfTrackUIDs;轨道 UID 数量
NumColors;色彩数量
Object;对象
ObjectCount;对象数量
OK;确定
One output file per input file;一个输入文件对应一个输出文件
OnlyDiffer;
OnlyIdentical;
Open;打开
OpenCaptionsLanguage;显式字幕语言
OpenCaptionsPresent;含有显式字幕
OpenCaptionsType;显式字幕格式
OpenFile;
OpenFileError;
OpenRecent;
Options;选项
Options_Hint;设置
Original;原始
OriginalNetworkName;原始网络名称
OriginalSourceForm;原始来源形式
OriginalSourceMedium;原始来源介质
OriginalSourceMedium_ID;原始来源介质 ID
Originator;创作者
Other;其他
OtherIdentifier;其他标识符
OtherIdentifierType;其他标识符类型
OtherViews;
Output;输出
Output format;输出格式
OverallBitRate;总体码率
OverallBitRate_Maximum;最高总体码率
OverallBitRate_Minimum;最低总体码率
OverallBitRate_Mode;总体码率模式
OverallBitRate_Nominal;额定总体码率
PackageName;包名
PackFormat;包格式
Part;分段
Part_Count;总数
PartialParsing;
PartNumber;分段编号
PartTotal;分段总数
Performer;演员
Period;时期
Phase90FilterInfo;90 度相位过滤器
Phase90FilterInfo2ch;90 度相位过滤器 (2 声道)
Phone;电话
PictureRatio;画面比例
PixelAspectRatio;像素宽高比
PixelAspectRatio_CleanAperture;干净光圈像素宽高比
PixelAspectRatio_Original;原始像素宽高比
PlayCounter;播放计数器
Played_Count;播放次数
Played_First_Date;首次播放时间
Played_Last_Date;上次播放时间
PlayTime;播放时长
PodcastCategory;播客类别
PortableHeadphones;便携式耳机
PortableSpeakers;便携式扬声器
Position;位置
Position_Cartesian;位置 (直角坐标)
Position_Polar;位置 (极坐标)
Position_Total;总数
Preferences;设置
PreferredDownmix;首选缩混
Premium;高级版
Premium_Feature;
Premium_Summary;高级版订阅功能
PreselectionLabel;预选标签
Presentation;形式 (Presentation)
PresentationConfig;形式 (Presentation) 配置
PresentationConfig_ContentClassifier;形式 (Presentation) 配置 (内容类别)
PresentationID;形式 (Presentation) ID
PresentationLevel;
PreviousDownmixType5ch;之前的混缩类型 (5 声道)
PreviousMixType2ch;之前的混音类型 (2 声道)
PrimaryAudioLanguage;主音频语言
Producer;制片人
ProductionDesigner;制作设计师
ProductionNumber;制作编号
ProductionStudio;出品工作室
ProductPlacement;产品布置
Program name;
Programme;节目
ProgrammeHasText;节目含有文本
ProgrammeTextLanguage;节目文本语言
ProgrammeTitle;节目标题
Publisher;发行商
Purchased_Date;购买日期
PurchaseInformation;
Quote character;引号
RadioStation;广播电台
Rating;分级
RealtimeLoudnessCorrected;实时响度校正
Recorded_Date;录制日期
Recorded_Location;录制地点
Reel;
Released_Date;发行日期
RemixedBy;混音者
RenderMode;渲染模式
Renew;续订
ReplayGain_Gain;播放增益
ReplayGain_Peak;播放增益峰值
Report;报告
Resolution;分辨率
RestoreLifetimeSubscription;恢复终身订阅
Retry;
s; 秒
Sampled_Height;
Sampled_Width;
SamplePeakLevel;采样峰值等级
SamplePeakLevel_Album;采样峰值等级 (专辑)
SamplesPerFrame;每帧采样数
SamplingCount;采样数
SamplingCount_Source;
SamplingRate;采样率
Save;保存
ScanOrder;扫描顺序
ScanOrder_Original;原始扫描顺序
ScanOrder_Stored;存储的扫描顺序
ScanOrder_StoredDisplayedInverted;存储/显示扫描顺序相反
ScanOrder_StoreMethod;扫描顺序存储方式
ScanType;扫描类型
ScanType_Original;原始扫描类型
ScanType_StoreMethod;扫描类型储存方式
ScreenplayBy;编剧
ScreenToCenter;Screen to center
ScreenToFront;Screen to front
Season;季期
SecondaryAudioLanguage;第二音频语言
see below;点击展开详情
Select your directory;
SelectAll;全选
Send HeaderFile;请将头文件发送到: http://sourceforge.net/projects/mediainfo/ (Bugs 板块)
Separator_Columns;列分隔符
Separator_Lines;换行符
SeriesTitle;系列标题
ServiceChannel;服务频道号码
ServiceKind;服务类别
ServiceName;服务名称
ServiceProvider;服务提供商
Services;服务
ServiceType;服务类型
Set;集合
Set_Count;集合数目
Setup;设置
Sharpness;锐利度
Sheet;表格
Sheet (Complete);表格 (完整)
Shell extension;文件资源管理器右键菜单 (为多媒体文件的右键菜单添加 MediaInfo 选项)
Shell extension, folder;添加到文件夹右键菜单
Shell extension, separate instance;
Shell InfoTip;文件资源管理器工具提示 (将鼠标移到文件图标上会显示相关信息)
ShimName;Shim 名称
ShimVersion;Shim 版本
Show;
Show menu;显示菜单
Show toolbar;显示工具栏
ShowAll;全部显示
ShowMore;
SignalGroup;信号组
SigningPresent;含有签名
SignLanguage;签名语言
Sort;排序
SoundCategory;声音类别
SoundEngineer;录音师
Source;源
Source_Duration;源, 时长
Source_FrameCount;源, 帧数
Source_SamplingCount;源, 采样数
Source_StreamSize;源, 流大小
Source_StreamSize_Encoded;源, 编码后流大小
SpokenSubtitles;语音字幕
Standard;标准
StoreMethod_InterleavedFields;交错场
StoreMethod_SeparatedFields;单独场
StoreMethod_SeparatedFields_1;单独场（每分块 1 场）
StoreMethod_SeparatedFields_2;单独场（每分块 2 场）
Stream;流
Stream_MoreInfo;关于此流的更多信息
StreamCount;此类型流的数量
StreamFormat;流格式
StreamID;流 ID
streamIdentifier;流标识符
StreamKind;流类型
StreamKindID;流标识符
StreamKindPos;流标识符
StreamOrder;
Streams;
StreamSize;流大小
StreamSize_Demuxed;分离后流大小
StreamSize_Encoded;编码后流大小
StreamSize_Proportion;流属性
Subject;主题
Subscribe;订阅
Subscribe_Button;订购 (%PRICE% 一年)
Subscribe_Failed;购买被取消或失败
Subscribe_Manage;管理订阅
Subscribe_Premium;
Subscribe_Renew;续订？
Subscribe_Renew_Price;续订 (%PRICE% 一年)
Subscribe_Unaviable;无法检索订购详细信息。
Subscribe_Waiting;购买等待家长批准
Subscription_Active;订阅有效期至 %DATE%
Subscription_Android;%PRICE%/年（免费试用 3 天）
Subscription_Ended;你的订购刚刚到期。
Subscription_Expired;订购过期时间 %DATE%
Subscription_Lifetime;检测到终身订阅
Subscription_Thanks;已检测到订阅。感谢您的支持！
Substream;子流
SubTrack;子轨道
SubtstreamIdChannel;子流开始 ID 和声道编号
Summary;摘要
Supported formats;支持格式
Supported?;是否支持
SupportUs;请支持我们。不仅可以解锁深色主题，未来还有更多功能。
SupportUs2;
SurroundAttenuationKnown;环绕衰减是否已知
SwitchGroup;切换组
Synopsis;系统摘要
SystemId;ID
Tagged_Application;标记软件
Tagged_Date;标记日期
TargetDeviceConfig;目标设备配置
Technician;技术员
TermsOfUse;使用条款
TertiaryAudioLanguage;第三音频语言
TestContinuousFileNames;
Text;文本
Text - Custom;文本 - 自定义
Text (HTML);文本 (网页)
Text stream(s);字幕流
Text streams;字幕流
Text_Codec_List;字幕解码器
Text_Format_List;
Text_Format_WithHint_List;
Text_Language_List;
Text_No;无字幕
Text1;字幕 1
Text2;字幕 2
Text3;字幕 3
TextCount;字幕流总数
TextlessElementsExist;存在无文本元素
ThanksTo;鸣谢
Thousands separator;千位分隔符
TimeCode;时间码
TimeCode_FirstFrame;第一帧时间码
TimeCode_LastFrame;最后一帧时间码
TimeCode_MaxFrameNumber;时间码中的最大帧数
TimeCode_MaxFrameNumber_Theory;时间码中的理论最大帧数
TimeCode_Settings;时间码设置
TimeCode_Source;时间码源
TimeCode_Stripped;时间码, 条带化
TimeStamp;时间戳
TimeZone;时区
Title;标题
Title_More;标题, 更多信息
Top4ToTop2;Four fronts to two fronts
TopBackToFront;Top backs to front
TopBackToSide;Top backs to side
TopFrontToBack;Top fronts to back
TopFrontToFront;Top fronts to front
TopFrontToSide;Top fronts to side
Total;总计
TotalNumberOfParts;分段总数
TotalProgrammeDuration;节目时长总计
Track;轨道名
Track_Count;轨道数
TrackFormat;轨道格式
TrackIndex;轨道编号
TrackUID;轨道 UID
transfer_characteristics;传输特性
Translate_Reports;翻译报告
Translator;翻译
Transport;传输
Tree;树状图
Tree & Text;树状图和文本
Trim_Center;Center trim
Trim_Height;Height trim
Trim_Surround;Surround trim
TrimMode;Trim mode
TrimMode0i;Trim mode for 2.0
TrimMode1i;Trim mode for 5.1
TrimMode2i;Trim mode for 7.1
TrimMode3i;Trim mode for 2.1.2
TrimMode4i;Trim mode for 5.1.2
TrimMode5i;Trim mode for 7.1.2
TrimMode6i;Trim mode for 2.1.4
TrimMode7i;Trim mode for 5.1.4
TrimMode8i;Trim mode for 7.1.4
TruePeakLevel;真实峰值等级
TruePeakLevel_Album;真实峰值等级 (专辑)
Type;类型
Type_Composer;
Type_Conductor;
Type_Cover;
Type_Cover_Back;
Type_Cover_Media;
Type_DuringPerformance;
Type_DuringRecording;
Type_FileIcon;
Type_FileIcon_32x32;
Type_Illustration;
Type_LeafletPage;
Type_Lyricist;
Type_Performer;
Type_Performer_Lead;
Type_PerformerLogo;
Type_Picture;
Type_PublisherLogo;
Type_RecordingLocation;
Type_ScreenCapture;
Type_Thumbnail;
TypeDefinition;类型定义
UniqueID;特征 ID
UniversalAdID;通用广告 ID
UniversalAdID_Registry;通用广告 ID 登记处
UniversalAdID_Value;通用广告 ID 值
Unknown;未知
Url;网址
Value;
Video;视频
Video stream(s);视频流
Video_Codec_List;视频解码器
Video_Delay;相对视频的延迟
Video_Format_List;
Video_Format_WithHint_List;
Video_Language_List;
Video_No;无视频
Video0_Delay;视频 0 延迟
Video1;视频 1
Video2;
Video3;
VideoComments;视频注释
VideoCount;视频流总数
View;视图
View_Hint;改变查看方式
Views;查看
Warning : more streams in the files;注意: 此文件中还有更多的流
Web;网页
WebSite;网站
WebSite_Audio;访问此音频解码器的网站
WebSite_Audio_More;访问网站 (%Url%) 查找此音频解码器
WebSite_General;访问此文件播放器的网站
WebSite_General_More;访问此文件播放器的网站
WebSite_Text;访问此字幕解码器的网站
WebSite_Text_More;访问网站 (%Url%) 查找此字幕解码器
WebSite_Url;http://MediaArea.net/MediaInfo
WebSite_Video;访问此视频解码器的网站
WebSite_Video_More;访问网站 (%Url%) 查找此视频解码器
Width;宽度
Width_CleanAperture;干净光圈宽度
Width_Original;原始宽度
Window;窗口
WriteMe;给作者发邮件
WriteToTranslator;给翻译发邮件
Written_Date;写入日期
Written_Location;写入地点
WrittenBy;作者
Yes;是
Your system;您的系统
Your translation;
Zoom;缩放
ZZ_Automatic_Percent;90
ZZ_AutomaticLanguage_Percent;91